﻿Column1,Column2
MS Popular Cricket Bat Full Size (Scoop Bat),
Elevar Gully Scoop - Scooped Bat for Hard and Soft Tennis Ball. (Soft Tennis Ball),
GM Diamond Bullet English Willow Cricket Bat for Men and Boys with Cloth Covering on The Face| Short Handle | Free Cover,
GM Mythos 444 English Willow Cricket Bat for Men | Short Handle| Ready to Play | Lightweight | Free Cover |,
GM Diamond 505 English Willow Cricket Bat for Men | Short Handle| Ready to Play | Lightweight | Free Cover |,
GM Mythos Men's Bullet English Willow Wood Cricket Bat with Cloth Covering and Short Handle with Free Cover,
GM Diamond 303 English Willow Cricket Bat for Men and Boys | Cross Weave Tape on The Face| Short Handle| Lightweight | Free Cover |,
GM Noir Bullet English Willow Cricket Bat for Men and Boys with Cloth Covering on The Face| Short Handle | Free Cover,
GM Mythos 303 English Willow Cricket Bat for Men and Boys | Cross Weave Tape on The Face| Short Handle| Lightweight | Free Cover |,
GM Noir 333 English Willow Cricket Bat for Men and Boys | Short Handle | Ready to Play | Lightweight | Free Cover |,
GM Diamond 404 English Willow Cricket Bat for Men and Boys | Short Handle | Ready to Play | Lightweight | Free Cover |,
GM Diamond 333 English Willow Cricket Bat for Men and Boys | Short Handle | Ready to Play | Lightweight | Free Cover | Short Handle,
